id,name,type1,type2,hp,attack,defense,sp_attack,sp_defense,speed,is_legendary,total_power
1,bulbasaur,grass,poison,45,49,49,65,65,45,False,318
2,ivysaur,grass,poison,60,62,63,80,80,60,False,405
3,venusaur,grass,poison,80,82,83,100,100,80,False,525
4,charmander,fire,None,39,52,43,60,50,65,False,309
5,charmeleon,fire,None,58,64,58,80,65,80,False,405
6,charizard,fire,flying,78,84,78,109,85,100,False,534
7,squirtle,water,None,44,48,65,50,64,43,False,314
8,wartortle,water,None,59,63,80,65,80,58,False,405
9,blastoise,water,None,79,83,100,85,105,78,False,530
10,caterpie,bug,None,45,30,35,20,20,45,False,195
11,metapod,bug,None,50,20,55,25,25,30,False,205
12,butterfree,bug,flying,60,45,50,90,80,70,False,395
13,weedle,bug,poison,40,35,30,20,20,50,False,195
14,kakuna,bug,poison,45,25,50,25,25,35,False,205
15,beedrill,bug,poison,65,90,40,45,80,75,False,395
16,pidgey,normal,flying,40,45,40,35,35,56,False,251
17,pidgeotto,normal,flying,63,60,55,50,50,71,False,349
18,pidgeot,normal,flying,83,80,75,70,70,101,False,479
19,rattata,normal,None,30,56,35,25,35,72,False,253
20,raticate,normal,None,55,81,60,50,70,97,False,413
21,spearow,normal,flying,40,60,30,31,31,70,False,262
22,fearow,normal,flying,65,90,65,61,61,100,False,442
23,ekans,poison,None,35,60,44,40,54,55,False,288
24,arbok,poison,None,60,95,69,65,79,80,False,448
25,pikachu,electric,None,35,55,40,50,50,90,False,320
26,raichu,electric,None,60,90,55,90,80,110,False,485
27,sandshrew,ground,None,50,75,85,20,30,40,False,300
28,sandslash,ground,None,75,100,110,45,55,65,False,450
29,nidoran-f,poison,None,55,47,52,40,40,41,False,275
30,nidorina,poison,None,70,62,67,55,55,56,False,365
31,nidoqueen,poison,ground,90,92,87,75,85,76,False,505
32,nidoran-m,poison,None,46,57,40,40,40,50,False,273
33,nidorino,poison,None,61,72,57,55,55,65,False,365
34,nidoking,poison,ground,81,102,77,85,75,85,False,505
35,clefairy,fairy,None,70,45,48,60,65,35,False,323
36,clefable,fairy,None,95,70,73,95,90,60,False,483
37,vulpix,fire,None,38,41,40,50,65,65,False,299
38,ninetales,fire,None,73,76,75,81,100,100,False,505
39,jigglypuff,normal,fairy,115,45,20,45,25,20,False,270
40,wigglytuff,normal,fairy,140,70,45,85,50,45,False,435
41,zubat,poison,flying,40,45,35,30,40,55,False,245
42,golbat,poison,flying,75,80,70,65,75,90,False,455
43,oddish,grass,poison,45,50,55,75,65,30,False,320
44,gloom,grass,poison,60,65,70,85,75,40,False,395
45,vileplume,grass,poison,75,80,85,110,90,50,False,490
46,paras,bug,grass,35,70,55,45,55,25,False,285
47,parasect,bug,grass,60,95,80,60,80,30,False,405
48,venonat,bug,poison,60,55,50,40,55,45,False,305
49,venomoth,bug,poison,70,65,60,90,75,90,False,450
50,diglett,ground,None,10,55,25,35,45,95,False,265
51,dugtrio,ground,None,35,100,50,50,70,120,False,425
52,meowth,normal,None,40,45,35,40,40,90,False,290
53,persian,normal,None,65,70,60,65,65,115,False,440
54,psyduck,water,None,50,52,48,65,50,55,False,320
55,golduck,water,None,80,82,78,95,80,85,False,500
56,mankey,fighting,None,40,80,35,35,45,70,False,305
57,primeape,fighting,None,65,105,60,60,70,95,False,455
58,growlithe,fire,None,55,70,45,70,50,60,False,350
59,arcanine,fire,None,90,110,80,100,80,95,False,555
60,poliwag,water,None,40,50,40,40,40,90,False,300
61,poliwhirl,water,None,65,65,65,50,50,90,False,385
62,poliwrath,water,fighting,90,95,95,70,90,70,False,510
63,abra,psychic,None,25,20,15,105,55,90,False,310
64,kadabra,psychic,None,40,35,30,120,70,105,False,400
65,alakazam,psychic,None,55,50,45,135,95,120,False,500
66,machop,fighting,None,70,80,50,35,35,35,False,305
67,machoke,fighting,None,80,100,70,50,60,45,False,405
68,machamp,fighting,None,90,130,80,65,85,55,False,505
69,bellsprout,grass,poison,50,75,35,70,30,40,False,300
70,weepinbell,grass,poison,65,90,50,85,45,55,False,390
71,victreebel,grass,poison,80,105,65,100,70,70,False,490
72,tentacool,water,poison,40,40,35,50,100,70,False,335
73,tentacruel,water,poison,80,70,65,80,120,100,False,515
74,geodude,rock,ground,40,80,100,30,30,20,False,300
75,graveler,rock,ground,55,95,115,45,45,35,False,390
76,golem,rock,ground,80,120,130,55,65,45,False,495
77,ponyta,fire,None,50,85,55,65,65,90,False,410
78,rapidash,fire,None,65,100,70,80,80,105,False,500
79,slowpoke,water,psychic,90,65,65,40,40,15,False,315
80,slowbro,water,psychic,95,75,110,100,80,30,False,490
81,magnemite,electric,steel,25,35,70,95,55,45,False,325
82,magneton,electric,steel,50,60,95,120,70,70,False,465
83,farfetchd,normal,flying,52,90,55,58,62,60,False,377
84,doduo,normal,flying,35,85,45,35,35,75,False,310
85,dodrio,normal,flying,60,110,70,60,60,110,False,470
86,seel,water,None,65,45,55,45,70,45,False,325
87,dewgong,water,ice,90,70,80,70,95,70,False,475
88,grimer,poison,None,80,80,50,40,50,25,False,325
89,muk,poison,None,105,105,75,65,100,50,False,500
90,shellder,water,None,30,65,100,45,25,40,False,305
91,cloyster,water,ice,50,95,180,85,45,70,False,525
92,gastly,ghost,poison,30,35,30,100,35,80,False,310
93,haunter,ghost,poison,45,50,45,115,55,95,False,405
94,gengar,ghost,poison,60,65,60,130,75,110,False,500
95,onix,rock,ground,35,45,160,30,45,70,False,385
96,drowzee,psychic,None,60,48,45,43,90,42,False,328
97,hypno,psychic,None,85,73,70,73,115,67,False,483
98,krabby,water,None,30,105,90,25,25,50,False,325
99,kingler,water,None,55,130,115,50,50,75,False,475
100,voltorb,electric,None,40,30,50,55,55,100,False,330
101,electrode,electric,None,60,50,70,80,80,150,False,490
102,exeggcute,grass,psychic,60,40,80,60,45,40,False,325
103,exeggutor,grass,psychic,95,95,85,125,75,55,False,530
104,cubone,ground,None,50,50,95,40,50,35,False,320
105,marowak,ground,None,60,80,110,50,80,45,False,425
106,hitmonlee,fighting,None,50,120,53,35,110,87,False,455
107,hitmonchan,fighting,None,50,105,79,35,110,76,False,455
108,lickitung,normal,None,90,55,75,60,75,30,False,385
109,koffing,poison,None,40,65,95,60,45,35,False,340
110,weezing,poison,None,65,90,120,85,70,60,False,490
111,rhyhorn,ground,rock,80,85,95,30,30,25,False,345
112,rhydon,ground,rock,105,130,120,45,45,40,False,485
113,chansey,normal,None,250,5,5,35,105,50,False,450
114,tangela,grass,None,65,55,115,100,40,60,False,435
115,kangaskhan,normal,None,105,95,80,40,80,90,False,490
116,horsea,water,None,30,40,70,70,25,60,False,295
117,seadra,water,None,55,65,95,95,45,85,False,440
118,goldeen,water,None,45,67,60,35,50,63,False,320
119,seaking,water,None,80,92,65,65,80,68,False,450
120,staryu,water,None,30,45,55,70,55,85,False,340
121,starmie,water,psychic,60,75,85,100,85,115,False,520
122,mr-mime,psychic,fairy,40,45,65,100,120,90,False,460
123,scyther,bug,flying,70,110,80,55,80,105,False,500
124,jynx,ice,psychic,65,50,35,115,95,95,False,455
125,electabuzz,electric,None,65,83,57,95,85,105,False,490
126,magmar,fire,None,65,95,57,100,85,93,False,495
127,pinsir,bug,None,65,125,100,55,70,85,False,500
128,tauros,normal,None,75,100,95,40,70,110,False,490
129,magikarp,water,None,20,10,55,15,20,80,False,200
130,gyarados,water,flying,95,125,79,60,100,81,False,540
131,lapras,water,ice,130,85,80,85,95,60,False,535
132,ditto,normal,None,48,48,48,48,48,48,False,288
133,eevee,normal,None,55,55,50,45,65,55,False,325
134,vaporeon,water,None,130,65,60,110,95,65,False,525
135,jolteon,electric,None,65,65,60,110,95,130,False,525
136,flareon,fire,None,65,130,60,95,110,65,False,525
137,porygon,normal,None,65,60,70,85,75,40,False,395
138,omanyte,rock,water,35,40,100,90,55,35,False,355
139,omastar,rock,water,70,60,125,115,70,55,False,495
140,kabuto,rock,water,30,80,90,55,45,55,False,355
141,kabutops,rock,water,60,115,105,65,70,80,False,495
142,aerodactyl,rock,flying,80,105,65,60,75,130,False,515
143,snorlax,normal,None,160,110,65,65,110,30,False,540
144,articuno,ice,flying,90,85,100,95,125,85,True,580
145,zapdos,electric,flying,90,90,85,125,90,100,True,580
146,moltres,fire,flying,90,100,90,125,85,90,True,580
147,dratini,dragon,None,41,64,45,50,50,50,False,300
148,dragonair,dragon,None,61,84,65,70,70,70,False,420
149,dragonite,dragon,flying,91,134,95,100,100,80,False,600
150,mewtwo,psychic,None,106,110,90,154,90,130,True,680
151,mew,psychic,None,100,100,100,100,100,100,False,600
152,chikorita,grass,None,45,49,65,49,65,45,False,318
153,bayleef,grass,None,60,62,80,63,80,60,False,405
154,meganium,grass,None,80,82,100,83,100,80,False,525
155,cyndaquil,fire,None,39,52,43,60,50,65,False,309
156,quilava,fire,None,58,64,58,80,65,80,False,405
157,typhlosion,fire,None,78,84,78,109,85,100,False,534
158,totodile,water,None,50,65,64,44,48,43,False,314
159,croconaw,water,None,65,80,80,59,63,58,False,405
160,feraligatr,water,None,85,105,100,79,83,78,False,530
161,sentret,normal,None,35,46,34,35,45,20,False,215
162,furret,normal,None,85,76,64,45,55,90,False,415
163,hoothoot,normal,flying,60,30,30,36,56,50,False,262
164,noctowl,normal,flying,100,50,50,86,96,70,False,452
165,ledyba,bug,flying,40,20,30,40,80,55,False,265
166,ledian,bug,flying,55,35,50,55,110,85,False,390
167,spinarak,bug,poison,40,60,40,40,40,30,False,250
168,ariados,bug,poison,70,90,70,60,70,40,False,400
169,crobat,poison,flying,85,90,80,70,80,130,False,535
170,chinchou,water,electric,75,38,38,56,56,67,False,330
171,lanturn,water,electric,125,58,58,76,76,67,False,460
172,pichu,electric,None,20,40,15,35,35,60,False,205
173,cleffa,fairy,None,50,25,28,45,55,15,False,218
174,igglybuff,normal,fairy,90,30,15,40,20,15,False,210
175,togepi,fairy,None,35,20,65,40,65,20,False,245
176,togetic,fairy,flying,55,40,85,80,105,40,False,405
177,natu,psychic,flying,40,50,45,70,45,70,False,320
178,xatu,psychic,flying,65,75,70,95,70,95,False,470
179,mareep,electric,None,55,40,40,65,45,35,False,280
180,flaaffy,electric,None,70,55,55,80,60,45,False,365
181,ampharos,electric,None,90,75,85,115,90,55,False,510
182,bellossom,grass,None,75,80,95,90,100,50,False,490
183,marill,water,fairy,70,20,50,20,50,40,False,250
184,azumarill,water,fairy,100,50,80,60,80,50,False,420
185,sudowoodo,rock,None,70,100,115,30,65,30,False,410
186,politoed,water,None,90,75,75,90,100,70,False,500
187,hoppip,grass,flying,35,35,40,35,55,50,False,250
188,skiploom,grass,flying,55,45,50,45,65,80,False,340
189,jumpluff,grass,flying,75,55,70,55,95,110,False,460
190,aipom,normal,None,55,70,55,40,55,85,False,360
191,sunkern,grass,None,30,30,30,30,30,30,False,180
192,sunflora,grass,None,75,75,55,105,85,30,False,425
193,yanma,bug,flying,65,65,45,75,45,95,False,390
194,wooper,water,ground,55,45,45,25,25,15,False,210
195,quagsire,water,ground,95,85,85,65,65,35,False,430
196,espeon,psychic,None,65,65,60,130,95,110,False,525
197,umbreon,dark,None,95,65,110,60,130,65,False,525
198,murkrow,dark,flying,60,85,42,85,42,91,False,405
199,slowking,water,psychic,95,75,80,100,110,30,False,490
200,misdreavus,ghost,None,60,60,60,85,85,85,False,435
201,unown,psychic,None,48,72,48,72,48,48,False,336
202,wobbuffet,psychic,None,190,33,58,33,58,33,False,405
203,girafarig,normal,psychic,70,80,65,90,65,85,False,455
204,pineco,bug,None,50,65,90,35,35,15,False,290
205,forretress,bug,steel,75,90,140,60,60,40,False,465
206,dunsparce,normal,None,100,70,70,65,65,45,False,415
207,gligar,ground,flying,65,75,105,35,65,85,False,430
208,steelix,steel,ground,75,85,200,55,65,30,False,510
209,snubbull,fairy,None,60,80,50,40,40,30,False,300
210,granbull,fairy,None,90,120,75,60,60,45,False,450
211,qwilfish,water,poison,65,95,85,55,55,85,False,440
212,scizor,bug,steel,70,130,100,55,80,65,False,500
213,shuckle,bug,rock,20,10,230,10,230,5,False,505
214,heracross,bug,fighting,80,125,75,40,95,85,False,500
215,sneasel,dark,ice,55,95,55,35,75,115,False,430
216,teddiursa,normal,None,60,80,50,50,50,40,False,330
217,ursaring,normal,None,90,130,75,75,75,55,False,500
218,slugma,fire,None,40,40,40,70,40,20,False,250
219,magcargo,fire,rock,60,50,120,90,80,30,False,430
220,swinub,ice,ground,50,50,40,30,30,50,False,250
221,piloswine,ice,ground,100,100,80,60,60,50,False,450
222,corsola,water,rock,65,55,95,65,95,35,False,410
223,remoraid,water,None,35,65,35,65,35,65,False,300
224,octillery,water,None,75,105,75,105,75,45,False,480
225,delibird,ice,flying,45,55,45,65,45,75,False,330
226,mantine,water,flying,85,40,70,80,140,70,False,485
227,skarmory,steel,flying,65,80,140,40,70,70,False,465
228,houndour,dark,fire,45,60,30,80,50,65,False,330
229,houndoom,dark,fire,75,90,50,110,80,95,False,500
230,kingdra,water,dragon,75,95,95,95,95,85,False,540
231,phanpy,ground,None,90,60,60,40,40,40,False,330
232,donphan,ground,None,90,120,120,60,60,50,False,500
233,porygon2,normal,None,85,80,90,105,95,60,False,515
234,stantler,normal,None,73,95,62,85,65,85,False,465
235,smeargle,normal,None,55,20,35,20,45,75,False,250
236,tyrogue,fighting,None,35,35,35,35,35,35,False,210
237,hitmontop,fighting,None,50,95,95,35,110,70,False,455
238,smoochum,ice,psychic,45,30,15,85,65,65,False,305
239,elekid,electric,None,45,63,37,65,55,95,False,360
240,magby,fire,None,45,75,37,70,55,83,False,365
241,miltank,normal,None,95,80,105,40,70,100,False,490
242,blissey,normal,None,255,10,10,75,135,55,False,540
243,raikou,electric,None,90,85,75,115,100,115,True,580
244,entei,fire,None,115,115,85,90,75,100,True,580
245,suicune,water,None,100,75,115,90,115,85,True,580
246,larvitar,rock,ground,50,64,50,45,50,41,False,300
247,pupitar,rock,ground,70,84,70,65,70,51,False,410
248,tyranitar,rock,dark,100,134,110,95,100,61,False,600
249,lugia,psychic,flying,106,90,130,90,154,110,True,680
250,ho-oh,fire,flying,106,130,90,110,154,90,True,680
251,celebi,psychic,grass,100,100,100,100,100,100,False,600
252,treecko,grass,None,40,45,35,65,55,70,False,310
253,grovyle,grass,None,50,65,45,85,65,95,False,405
254,sceptile,grass,None,70,85,65,105,85,120,False,530
255,torchic,fire,None,45,60,40,70,50,45,False,310
256,combusken,fire,fighting,60,85,60,85,60,55,False,405
257,blaziken,fire,fighting,80,120,70,110,70,80,False,530
258,mudkip,water,None,50,70,50,50,50,40,False,310
259,marshtomp,water,ground,70,85,70,60,70,50,False,405
260,swampert,water,ground,100,110,90,85,90,60,False,535
261,poochyena,dark,None,35,55,35,30,30,35,False,220
262,mightyena,dark,None,70,90,70,60,60,70,False,420
263,zigzagoon,normal,None,38,30,41,30,41,60,False,240
264,linoone,normal,None,78,70,61,50,61,100,False,420
265,wurmple,bug,None,45,45,35,20,30,20,False,195
266,silcoon,bug,None,50,35,55,25,25,15,False,205
267,beautifly,bug,flying,60,70,50,100,50,65,False,395
268,cascoon,bug,None,50,35,55,25,25,15,False,205
269,dustox,bug,poison,60,50,70,50,90,65,False,385
270,lotad,water,grass,40,30,30,40,50,30,False,220
271,lombre,water,grass,60,50,50,60,70,50,False,340
272,ludicolo,water,grass,80,70,70,90,100,70,False,480
273,seedot,grass,None,40,40,50,30,30,30,False,220
274,nuzleaf,grass,dark,70,70,40,60,40,60,False,340
275,shiftry,grass,dark,90,100,60,90,60,80,False,480
276,taillow,normal,flying,40,55,30,30,30,85,False,270
277,swellow,normal,flying,60,85,60,75,50,125,False,455
278,wingull,water,flying,40,30,30,55,30,85,False,270
279,pelipper,water,flying,60,50,100,95,70,65,False,440
280,ralts,psychic,fairy,28,25,25,45,35,40,False,198
281,kirlia,psychic,fairy,38,35,35,65,55,50,False,278
282,gardevoir,psychic,fairy,68,65,65,125,115,80,False,518
283,surskit,bug,water,40,30,32,50,52,65,False,269
284,masquerain,bug,flying,70,60,62,100,82,80,False,454
285,shroomish,grass,None,60,40,60,40,60,35,False,295
286,breloom,grass,fighting,60,130,80,60,60,70,False,460
287,slakoth,normal,None,60,60,60,35,35,30,False,280
288,vigoroth,normal,None,80,80,80,55,55,90,False,440
289,slaking,normal,None,150,160,100,95,65,100,False,670
290,nincada,bug,ground,31,45,90,30,30,40,False,266
291,ninjask,bug,flying,61,90,45,50,50,160,False,456
292,shedinja,bug,ghost,1,90,45,30,30,40,False,236
293,whismur,normal,None,64,51,23,51,23,28,False,240
294,loudred,normal,None,84,71,43,71,43,48,False,360
295,exploud,normal,None,104,91,63,91,73,68,False,490
296,makuhita,fighting,None,72,60,30,20,30,25,False,237
297,hariyama,fighting,None,144,120,60,40,60,50,False,474
298,azurill,normal,fairy,50,20,40,20,40,20,False,190
299,nosepass,rock,None,30,45,135,45,90,30,False,375
300,skitty,normal,None,50,45,45,35,35,50,False,260
301,delcatty,normal,None,70,65,65,55,55,90,False,400
302,sableye,dark,ghost,50,75,75,65,65,50,False,380
303,mawile,steel,fairy,50,85,85,55,55,50,False,380
304,aron,steel,rock,50,70,100,40,40,30,False,330
305,lairon,steel,rock,60,90,140,50,50,40,False,430
306,aggron,steel,rock,70,110,180,60,60,50,False,530
307,meditite,fighting,psychic,30,40,55,40,55,60,False,280
308,medicham,fighting,psychic,60,60,75,60,75,80,False,410
309,electrike,electric,None,40,45,40,65,40,65,False,295
310,manectric,electric,None,70,75,60,105,60,105,False,475
311,plusle,electric,None,60,50,40,85,75,95,False,405
312,minun,electric,None,60,40,50,75,85,95,False,405
313,volbeat,bug,None,65,73,75,47,85,85,False,430
314,illumise,bug,None,65,47,75,73,85,85,False,430
315,roselia,grass,poison,50,60,45,100,80,65,False,400
316,gulpin,poison,None,70,43,53,43,53,40,False,302
317,swalot,poison,None,100,73,83,73,83,55,False,467
318,carvanha,water,dark,45,90,20,65,20,65,False,305
319,sharpedo,water,dark,70,120,40,95,40,95,False,460
320,wailmer,water,None,130,70,35,70,35,60,False,400
321,wailord,water,None,170,90,45,90,45,60,False,500
322,numel,fire,ground,60,60,40,65,45,35,False,305
323,camerupt,fire,ground,70,100,70,105,75,40,False,460
324,torkoal,fire,None,70,85,140,85,70,20,False,470
325,spoink,psychic,None,60,25,35,70,80,60,False,330
326,grumpig,psychic,None,80,45,65,90,110,80,False,470
327,spinda,normal,None,60,60,60,60,60,60,False,360
328,trapinch,ground,None,45,100,45,45,45,10,False,290
329,vibrava,ground,dragon,50,70,50,50,50,70,False,340
330,flygon,ground,dragon,80,100,80,80,80,100,False,520
331,cacnea,grass,None,50,85,40,85,40,35,False,335
332,cacturne,grass,dark,70,115,60,115,60,55,False,475
333,swablu,normal,flying,45,40,60,40,75,50,False,310
334,altaria,dragon,flying,75,70,90,70,105,80,False,490
335,zangoose,normal,None,73,115,60,60,60,90,False,458
336,seviper,poison,None,73,100,60,100,60,65,False,458
337,lunatone,rock,psychic,90,55,65,95,85,70,False,460
338,solrock,rock,psychic,90,95,85,55,65,70,False,460
339,barboach,water,ground,50,48,43,46,41,60,False,288
340,whiscash,water,ground,110,78,73,76,71,60,False,468
341,corphish,water,None,43,80,65,50,35,35,False,308
342,crawdaunt,water,dark,63,120,85,90,55,55,False,468
343,baltoy,ground,psychic,40,40,55,40,70,55,False,300
344,claydol,ground,psychic,60,70,105,70,120,75,False,500
345,lileep,rock,grass,66,41,77,61,87,23,False,355
346,cradily,rock,grass,86,81,97,81,107,43,False,495
347,anorith,rock,bug,45,95,50,40,50,75,False,355
348,armaldo,rock,bug,75,125,100,70,80,45,False,495
349,feebas,water,None,20,15,20,10,55,80,False,200
350,milotic,water,None,95,60,79,100,125,81,False,540
351,castform,normal,None,70,70,70,70,70,70,False,420
352,kecleon,normal,None,60,90,70,60,120,40,False,440
353,shuppet,ghost,None,44,75,35,63,33,45,False,295
354,banette,ghost,None,64,115,65,83,63,65,False,455
355,duskull,ghost,None,20,40,90,30,90,25,False,295
356,dusclops,ghost,None,40,70,130,60,130,25,False,455
357,tropius,grass,flying,99,68,83,72,87,51,False,460
358,chimecho,psychic,None,75,50,80,95,90,65,False,455
359,absol,dark,None,65,130,60,75,60,75,False,465
360,wynaut,psychic,None,95,23,48,23,48,23,False,260
361,snorunt,ice,None,50,50,50,50,50,50,False,300
362,glalie,ice,None,80,80,80,80,80,80,False,480
363,spheal,ice,water,70,40,50,55,50,25,False,290
364,sealeo,ice,water,90,60,70,75,70,45,False,410
365,walrein,ice,water,110,80,90,95,90,65,False,530
366,clamperl,water,None,35,64,85,74,55,32,False,345
367,huntail,water,None,55,104,105,94,75,52,False,485
368,gorebyss,water,None,55,84,105,114,75,52,False,485
369,relicanth,water,rock,100,90,130,45,65,55,False,485
370,luvdisc,water,None,43,30,55,40,65,97,False,330
371,bagon,dragon,None,45,75,60,40,30,50,False,300
372,shelgon,dragon,None,65,95,100,60,50,50,False,420
373,salamence,dragon,flying,95,135,80,110,80,100,False,600
374,beldum,steel,psychic,40,55,80,35,60,30,False,300
375,metang,steel,psychic,60,75,100,55,80,50,False,420
376,metagross,steel,psychic,80,135,130,95,90,70,False,600
377,regirock,rock,None,80,100,200,50,100,50,True,580
378,regice,ice,None,80,50,100,100,200,50,True,580
379,registeel,steel,None,80,75,150,75,150,50,True,580
380,latias,dragon,psychic,80,80,90,110,130,110,True,600
381,latios,dragon,psychic,80,90,80,130,110,110,True,600
382,kyogre,water,None,100,100,90,150,140,90,True,670
383,groudon,ground,None,100,150,140,100,90,90,True,670
384,rayquaza,dragon,flying,105,150,90,150,90,95,True,680
385,jirachi,steel,psychic,100,100,100,100,100,100,False,600
386,deoxys-normal,psychic,None,50,150,50,150,50,150,False,600
387,turtwig,grass,None,55,68,64,45,55,31,False,318
388,grotle,grass,None,75,89,85,55,65,36,False,405
389,torterra,grass,ground,95,109,105,75,85,56,False,525
390,chimchar,fire,None,44,58,44,58,44,61,False,309
391,monferno,fire,fighting,64,78,52,78,52,81,False,405
392,infernape,fire,fighting,76,104,71,104,71,108,False,534
393,piplup,water,None,53,51,53,61,56,40,False,314
394,prinplup,water,None,64,66,68,81,76,50,False,405
395,empoleon,water,steel,84,86,88,111,101,60,False,530
396,starly,normal,flying,40,55,30,30,30,60,False,245
397,staravia,normal,flying,55,75,50,40,40,80,False,340
398,staraptor,normal,flying,85,120,70,50,60,100,False,485
399,bidoof,normal,None,59,45,40,35,40,31,False,250
400,bibarel,normal,water,79,85,60,55,60,71,False,410
401,kricketot,bug,None,37,25,41,25,41,25,False,194
402,kricketune,bug,None,77,85,51,55,51,65,False,384
403,shinx,electric,None,45,65,34,40,34,45,False,263
404,luxio,electric,None,60,85,49,60,49,60,False,363
405,luxray,electric,None,80,120,79,95,79,70,False,523
406,budew,grass,poison,40,30,35,50,70,55,False,280
407,roserade,grass,poison,60,70,65,125,105,90,False,515
408,cranidos,rock,None,67,125,40,30,30,58,False,350
409,rampardos,rock,None,97,165,60,65,50,58,False,495
410,shieldon,rock,steel,30,42,118,42,88,30,False,350
411,bastiodon,rock,steel,60,52,168,47,138,30,False,495
412,burmy,bug,None,40,29,45,29,45,36,False,224
413,wormadam-plant,bug,grass,60,59,85,79,105,36,False,424
414,mothim,bug,flying,70,94,50,94,50,66,False,424
415,combee,bug,flying,30,30,42,30,42,70,False,244
416,vespiquen,bug,flying,70,80,102,80,102,40,False,474
417,pachirisu,electric,None,60,45,70,45,90,95,False,405
418,buizel,water,None,55,65,35,60,30,85,False,330
419,floatzel,water,None,85,105,55,85,50,115,False,495
420,cherubi,grass,None,45,35,45,62,53,35,False,275
421,cherrim,grass,None,70,60,70,87,78,85,False,450
422,shellos,water,None,76,48,48,57,62,34,False,325
423,gastrodon,water,ground,111,83,68,92,82,39,False,475
424,ambipom,normal,None,75,100,66,60,66,115,False,482
425,drifloon,ghost,flying,90,50,34,60,44,70,False,348
426,drifblim,ghost,flying,150,80,44,90,54,80,False,498
427,buneary,normal,None,55,66,44,44,56,85,False,350
428,lopunny,normal,None,65,76,84,54,96,105,False,480
429,mismagius,ghost,None,60,60,60,105,105,105,False,495
430,honchkrow,dark,flying,100,125,52,105,52,71,False,505
431,glameow,normal,None,49,55,42,42,37,85,False,310
432,purugly,normal,None,71,82,64,64,59,112,False,452
433,chingling,psychic,None,45,30,50,65,50,45,False,285
434,stunky,poison,dark,63,63,47,41,41,74,False,329
435,skuntank,poison,dark,103,93,67,71,61,84,False,479
436,bronzor,steel,psychic,57,24,86,24,86,23,False,300
437,bronzong,steel,psychic,67,89,116,79,116,33,False,500
438,bonsly,rock,None,50,80,95,10,45,10,False,290
439,mime-jr,psychic,fairy,20,25,45,70,90,60,False,310
440,happiny,normal,None,100,5,5,15,65,30,False,220
441,chatot,normal,flying,76,65,45,92,42,91,False,411
442,spiritomb,ghost,dark,50,92,108,92,108,35,False,485
443,gible,dragon,ground,58,70,45,40,45,42,False,300
444,gabite,dragon,ground,68,90,65,50,55,82,False,410
445,garchomp,dragon,ground,108,130,95,80,85,102,False,600
446,munchlax,normal,None,135,85,40,40,85,5,False,390
447,riolu,fighting,None,40,70,40,35,40,60,False,285
448,lucario,fighting,steel,70,110,70,115,70,90,False,525
449,hippopotas,ground,None,68,72,78,38,42,32,False,330
450,hippowdon,ground,None,108,112,118,68,72,47,False,525
451,skorupi,poison,bug,40,50,90,30,55,65,False,330
452,drapion,poison,dark,70,90,110,60,75,95,False,500
453,croagunk,poison,fighting,48,61,40,61,40,50,False,300
454,toxicroak,poison,fighting,83,106,65,86,65,85,False,490
455,carnivine,grass,None,74,100,72,90,72,46,False,454
456,finneon,water,None,49,49,56,49,61,66,False,330
457,lumineon,water,None,69,69,76,69,86,91,False,460
458,mantyke,water,flying,45,20,50,60,120,50,False,345
459,snover,grass,ice,60,62,50,62,60,40,False,334
460,abomasnow,grass,ice,90,92,75,92,85,60,False,494
461,weavile,dark,ice,70,120,65,45,85,125,False,510
462,magnezone,electric,steel,70,70,115,130,90,60,False,535
463,lickilicky,normal,None,110,85,95,80,95,50,False,515
464,rhyperior,ground,rock,115,140,130,55,55,40,False,535
465,tangrowth,grass,None,100,100,125,110,50,50,False,535
466,electivire,electric,None,75,123,67,95,85,95,False,540
467,magmortar,fire,None,75,95,67,125,95,83,False,540
468,togekiss,fairy,flying,85,50,95,120,115,80,False,545
469,yanmega,bug,flying,86,76,86,116,56,95,False,515
470,leafeon,grass,None,65,110,130,60,65,95,False,525
471,glaceon,ice,None,65,60,110,130,95,65,False,525
472,gliscor,ground,flying,75,95,125,45,75,95,False,510
473,mamoswine,ice,ground,110,130,80,70,60,80,False,530
474,porygon-z,normal,None,85,80,70,135,75,90,False,535
475,gallade,psychic,fighting,68,125,65,65,115,80,False,518
476,probopass,rock,steel,60,55,145,75,150,40,False,525
477,dusknoir,ghost,None,45,100,135,65,135,45,False,525
478,froslass,ice,ghost,70,80,70,80,70,110,False,480
479,rotom,electric,ghost,50,50,77,95,77,91,False,440
480,uxie,psychic,None,75,75,130,75,130,95,True,580
481,mesprit,psychic,None,80,105,105,105,105,80,True,580
482,azelf,psychic,None,75,125,70,125,70,115,True,580
483,dialga,steel,dragon,100,120,120,150,100,90,True,680
484,palkia,water,dragon,90,120,100,150,120,100,True,680
485,heatran,fire,steel,91,90,106,130,106,77,True,600
486,regigigas,normal,None,110,160,110,80,110,100,True,670
487,giratina-altered,ghost,dragon,150,100,120,100,120,90,True,680
488,cresselia,psychic,None,120,70,110,75,120,85,True,580
489,phione,water,None,80,80,80,80,80,80,False,480
490,manaphy,water,None,100,100,100,100,100,100,False,600
491,darkrai,dark,None,70,90,90,135,90,125,False,600
492,shaymin-land,grass,None,100,100,100,100,100,100,False,600
493,arceus,normal,None,120,120,120,120,120,120,False,720
494,victini,psychic,fire,100,100,100,100,100,100,False,600
495,snivy,grass,None,45,45,55,45,55,63,False,308
496,servine,grass,None,60,60,75,60,75,83,False,413
497,serperior,grass,None,75,75,95,75,95,113,False,528
498,tepig,fire,None,65,63,45,45,45,45,False,308
499,pignite,fire,fighting,90,93,55,70,55,55,False,418
500,emboar,fire,fighting,110,123,65,100,65,65,False,528
501,oshawott,water,None,55,55,45,63,45,45,False,308
502,dewott,water,None,75,75,60,83,60,60,False,413
503,samurott,water,None,95,100,85,108,70,70,False,528
504,patrat,normal,None,45,55,39,35,39,42,False,255
505,watchog,normal,None,60,85,69,60,69,77,False,420
506,lillipup,normal,None,45,60,45,25,45,55,False,275
507,herdier,normal,None,65,80,65,35,65,60,False,370
508,stoutland,normal,None,85,110,90,45,90,80,False,500
509,purrloin,dark,None,41,50,37,50,37,66,False,281
510,liepard,dark,None,64,88,50,88,50,106,False,446
511,pansage,grass,None,50,53,48,53,48,64,False,316
512,simisage,grass,None,75,98,63,98,63,101,False,498
513,pansear,fire,None,50,53,48,53,48,64,False,316
514,simisear,fire,None,75,98,63,98,63,101,False,498
515,panpour,water,None,50,53,48,53,48,64,False,316
516,simipour,water,None,75,98,63,98,63,101,False,498
517,munna,psychic,None,76,25,45,67,55,24,False,292
518,musharna,psychic,None,116,55,85,107,95,29,False,487
519,pidove,normal,flying,50,55,50,36,30,43,False,264
520,tranquill,normal,flying,62,77,62,50,42,65,False,358
521,unfezant,normal,flying,80,115,80,65,55,93,False,488
522,blitzle,electric,None,45,60,32,50,32,76,False,295
523,zebstrika,electric,None,75,100,63,80,63,116,False,497
524,roggenrola,rock,None,55,75,85,25,25,15,False,280
525,boldore,rock,None,70,105,105,50,40,20,False,390
526,gigalith,rock,None,85,135,130,60,80,25,False,515
527,woobat,psychic,flying,65,45,43,55,43,72,False,323
528,swoobat,psychic,flying,67,57,55,77,55,114,False,425
529,drilbur,ground,None,60,85,40,30,45,68,False,328
530,excadrill,ground,steel,110,135,60,50,65,88,False,508
531,audino,normal,None,103,60,86,60,86,50,False,445
532,timburr,fighting,None,75,80,55,25,35,35,False,305
533,gurdurr,fighting,None,85,105,85,40,50,40,False,405
534,conkeldurr,fighting,None,105,140,95,55,65,45,False,505
535,tympole,water,None,50,50,40,50,40,64,False,294
536,palpitoad,water,ground,75,65,55,65,55,69,False,384
537,seismitoad,water,ground,105,95,75,85,75,74,False,509
538,throh,fighting,None,120,100,85,30,85,45,False,465
539,sawk,fighting,None,75,125,75,30,75,85,False,465
540,sewaddle,bug,grass,45,53,70,40,60,42,False,310
541,swadloon,bug,grass,55,63,90,50,80,42,False,380
542,leavanny,bug,grass,75,103,80,70,80,92,False,500
543,venipede,bug,poison,30,45,59,30,39,57,False,260
544,whirlipede,bug,poison,40,55,99,40,79,47,False,360
545,scolipede,bug,poison,60,100,89,55,69,112,False,485
546,cottonee,grass,fairy,40,27,60,37,50,66,False,280
547,whimsicott,grass,fairy,60,67,85,77,75,116,False,480
548,petilil,grass,None,45,35,50,70,50,30,False,280
549,lilligant,grass,None,70,60,75,110,75,90,False,480
550,basculin-red-striped,water,None,70,92,65,80,55,98,False,460
551,sandile,ground,dark,50,72,35,35,35,65,False,292
552,krokorok,ground,dark,60,82,45,45,45,74,False,351
553,krookodile,ground,dark,95,117,80,65,70,92,False,519
554,darumaka,fire,None,70,90,45,15,45,50,False,315
555,darmanitan-standard,fire,None,105,140,55,30,55,95,False,480
556,maractus,grass,None,75,86,67,106,67,60,False,461
557,dwebble,bug,rock,50,65,85,35,35,55,False,325
558,crustle,bug,rock,70,105,125,65,75,45,False,485
559,scraggy,dark,fighting,50,75,70,35,70,48,False,348
560,scrafty,dark,fighting,65,90,115,45,115,58,False,488
561,sigilyph,psychic,flying,72,58,80,103,80,97,False,490
562,yamask,ghost,None,38,30,85,55,65,30,False,303
563,cofagrigus,ghost,None,58,50,145,95,105,30,False,483
564,tirtouga,water,rock,54,78,103,53,45,22,False,355
565,carracosta,water,rock,74,108,133,83,65,32,False,495
566,archen,rock,flying,55,112,45,74,45,70,False,401
567,archeops,rock,flying,75,140,65,112,65,110,False,567
568,trubbish,poison,None,50,50,62,40,62,65,False,329
569,garbodor,poison,None,80,95,82,60,82,75,False,474
570,zorua,dark,None,40,65,40,80,40,65,False,330
571,zoroark,dark,None,60,105,60,120,60,105,False,510
572,minccino,normal,None,55,50,40,40,40,75,False,300
573,cinccino,normal,None,75,95,60,65,60,115,False,470
574,gothita,psychic,None,45,30,50,55,65,45,False,290
575,gothorita,psychic,None,60,45,70,75,85,55,False,390
576,gothitelle,psychic,None,70,55,95,95,110,65,False,490
577,solosis,psychic,None,45,30,40,105,50,20,False,290
578,duosion,psychic,None,65,40,50,125,60,30,False,370
579,reuniclus,psychic,None,110,65,75,125,85,30,False,490
580,ducklett,water,flying,62,44,50,44,50,55,False,305
581,swanna,water,flying,75,87,63,87,63,98,False,473
582,vanillite,ice,None,36,50,50,65,60,44,False,305
583,vanillish,ice,None,51,65,65,80,75,59,False,395
584,vanilluxe,ice,None,71,95,85,110,95,79,False,535
585,deerling,normal,grass,60,60,50,40,50,75,False,335
586,sawsbuck,normal,grass,80,100,70,60,70,95,False,475
587,emolga,electric,flying,55,75,60,75,60,103,False,428
588,karrablast,bug,None,50,75,45,40,45,60,False,315
589,escavalier,bug,steel,70,135,105,60,105,20,False,495
590,foongus,grass,poison,69,55,45,55,55,15,False,294
591,amoonguss,grass,poison,114,85,70,85,80,30,False,464
592,frillish,water,ghost,55,40,50,65,85,40,False,335
593,jellicent,water,ghost,100,60,70,85,105,60,False,480
594,alomomola,water,None,165,75,80,40,45,65,False,470
595,joltik,bug,electric,50,47,50,57,50,65,False,319
596,galvantula,bug,electric,70,77,60,97,60,108,False,472
597,ferroseed,grass,steel,44,50,91,24,86,10,False,305
598,ferrothorn,grass,steel,74,94,131,54,116,20,False,489
599,klink,steel,None,40,55,70,45,60,30,False,300
600,klang,steel,None,60,80,95,70,85,50,False,440
601,klinklang,steel,None,60,100,115,70,85,90,False,520
602,tynamo,electric,None,35,55,40,45,40,60,False,275
603,eelektrik,electric,None,65,85,70,75,70,40,False,405
604,eelektross,electric,None,85,115,80,105,80,50,False,515
605,elgyem,psychic,None,55,55,55,85,55,30,False,335
606,beheeyem,psychic,None,75,75,75,125,95,40,False,485
607,litwick,ghost,fire,50,30,55,65,55,20,False,275
608,lampent,ghost,fire,60,40,60,95,60,55,False,370
609,chandelure,ghost,fire,60,55,90,145,90,80,False,520
610,axew,dragon,None,46,87,60,30,40,57,False,320
611,fraxure,dragon,None,66,117,70,40,50,67,False,410
612,haxorus,dragon,None,76,147,90,60,70,97,False,540
613,cubchoo,ice,None,55,70,40,60,40,40,False,305
614,beartic,ice,None,95,130,80,70,80,50,False,505
615,cryogonal,ice,None,80,50,50,95,135,105,False,515
616,shelmet,bug,None,50,40,85,40,65,25,False,305
617,accelgor,bug,None,80,70,40,100,60,145,False,495
618,stunfisk,ground,electric,109,66,84,81,99,32,False,471
619,mienfoo,fighting,None,45,85,50,55,50,65,False,350
620,mienshao,fighting,None,65,125,60,95,60,105,False,510
621,druddigon,dragon,None,77,120,90,60,90,48,False,485
622,golett,ground,ghost,59,74,50,35,50,35,False,303
623,golurk,ground,ghost,89,124,80,55,80,55,False,483
624,pawniard,dark,steel,45,85,70,40,40,60,False,340
625,bisharp,dark,steel,65,125,100,60,70,70,False,490
626,bouffalant,normal,None,95,110,95,40,95,55,False,490
627,rufflet,normal,flying,70,83,50,37,50,60,False,350
628,braviary,normal,flying,100,123,75,57,75,80,False,510
629,vullaby,dark,flying,70,55,75,45,65,60,False,370
630,mandibuzz,dark,flying,110,65,105,55,95,80,False,510
631,heatmor,fire,None,85,97,66,105,66,65,False,484
632,durant,bug,steel,58,109,112,48,48,109,False,484
633,deino,dark,dragon,52,65,50,45,50,38,False,300
634,zweilous,dark,dragon,72,85,70,65,70,58,False,420
635,hydreigon,dark,dragon,92,105,90,125,90,98,False,600
636,larvesta,bug,fire,55,85,55,50,55,60,False,360
637,volcarona,bug,fire,85,60,65,135,105,100,False,550
638,cobalion,steel,fighting,91,90,129,90,72,108,True,580
639,terrakion,rock,fighting,91,129,90,72,90,108,True,580
640,virizion,grass,fighting,91,90,72,90,129,108,True,580
641,tornadus-incarnate,flying,None,79,115,70,125,80,111,True,580
642,thundurus-incarnate,electric,flying,79,115,70,125,80,111,True,580
643,reshiram,dragon,fire,100,120,100,150,120,90,True,680
644,zekrom,dragon,electric,100,150,120,120,100,90,True,680
645,landorus-incarnate,ground,flying,89,125,90,115,80,101,True,600
646,kyurem,dragon,ice,125,130,90,130,90,95,True,660
647,keldeo-ordinary,water,fighting,91,72,90,129,90,108,False,580
648,meloetta-aria,normal,psychic,100,77,77,128,128,90,False,600
649,genesect,bug,steel,71,120,95,120,95,99,False,600
650,chespin,grass,None,56,61,65,48,45,38,False,313
651,quilladin,grass,None,61,78,95,56,58,57,False,405
652,chesnaught,grass,fighting,88,107,122,74,75,64,False,530
653,fennekin,fire,None,40,45,40,62,60,60,False,307
654,braixen,fire,None,59,59,58,90,70,73,False,409
655,delphox,fire,psychic,75,69,72,114,100,104,False,534
656,froakie,water,None,41,56,40,62,44,71,False,314
657,frogadier,water,None,54,63,52,83,56,97,False,405
658,greninja,water,dark,72,95,67,103,71,122,False,530
659,bunnelby,normal,None,38,36,38,32,36,57,False,237
660,diggersby,normal,ground,85,56,77,50,77,78,False,423
661,fletchling,normal,flying,45,50,43,40,38,62,False,278
662,fletchinder,fire,flying,62,73,55,56,52,84,False,382
663,talonflame,fire,flying,78,81,71,74,69,126,False,499
664,scatterbug,bug,None,38,35,40,27,25,35,False,200
665,spewpa,bug,None,45,22,60,27,30,29,False,213
666,vivillon,bug,flying,80,52,50,90,50,89,False,411
667,litleo,fire,normal,62,50,58,73,54,72,False,369
668,pyroar,fire,normal,86,68,72,109,66,106,False,507
669,flabebe,fairy,None,44,38,39,61,79,42,False,303
670,floette,fairy,None,54,45,47,75,98,52,False,371
671,florges,fairy,None,78,65,68,112,154,75,False,552
672,skiddo,grass,None,66,65,48,62,57,52,False,350
673,gogoat,grass,None,123,100,62,97,81,68,False,531
674,pancham,fighting,None,67,82,62,46,48,43,False,348
675,pangoro,fighting,dark,95,124,78,69,71,58,False,495
676,furfrou,normal,None,75,80,60,65,90,102,False,472
677,espurr,psychic,None,62,48,54,63,60,68,False,355
678,meowstic-male,psychic,None,74,48,76,83,81,104,False,466
679,honedge,steel,ghost,45,80,100,35,37,28,False,325
680,doublade,steel,ghost,59,110,150,45,49,35,False,448
681,aegislash-shield,steel,ghost,60,50,140,50,140,60,False,500
682,spritzee,fairy,None,78,52,60,63,65,23,False,341
683,aromatisse,fairy,None,101,72,72,99,89,29,False,462
684,swirlix,fairy,None,62,48,66,59,57,49,False,341
685,slurpuff,fairy,None,82,80,86,85,75,72,False,480
686,inkay,dark,psychic,53,54,53,37,46,45,False,288
687,malamar,dark,psychic,86,92,88,68,75,73,False,482
688,binacle,rock,water,42,52,67,39,56,50,False,306
689,barbaracle,rock,water,72,105,115,54,86,68,False,500
690,skrelp,poison,water,50,60,60,60,60,30,False,320
691,dragalge,poison,dragon,65,75,90,97,123,44,False,494
692,clauncher,water,None,50,53,62,58,63,44,False,330
693,clawitzer,water,None,71,73,88,120,89,59,False,500
694,helioptile,electric,normal,44,38,33,61,43,70,False,289
695,heliolisk,electric,normal,62,55,52,109,94,109,False,481
696,tyrunt,rock,dragon,58,89,77,45,45,48,False,362
697,tyrantrum,rock,dragon,82,121,119,69,59,71,False,521
698,amaura,rock,ice,77,59,50,67,63,46,False,362
699,aurorus,rock,ice,123,77,72,99,92,58,False,521
700,sylveon,fairy,None,95,65,65,110,130,60,False,525
701,hawlucha,fighting,flying,78,92,75,74,63,118,False,500
702,dedenne,electric,fairy,67,58,57,81,67,101,False,431
703,carbink,rock,fairy,50,50,150,50,150,50,False,500
704,goomy,dragon,None,45,50,35,55,75,40,False,300
705,sliggoo,dragon,None,68,75,53,83,113,60,False,452
706,goodra,dragon,None,90,100,70,110,150,80,False,600
707,klefki,steel,fairy,57,80,91,80,87,75,False,470
708,phantump,ghost,grass,43,70,48,50,60,38,False,309
709,trevenant,ghost,grass,85,110,76,65,82,56,False,474
710,pumpkaboo-average,ghost,grass,49,66,70,44,55,51,False,335
711,gourgeist-average,ghost,grass,65,90,122,58,75,84,False,494
712,bergmite,ice,None,55,69,85,32,35,28,False,304
713,avalugg,ice,None,95,117,184,44,46,28,False,514
714,noibat,flying,dragon,40,30,35,45,40,55,False,245
715,noivern,flying,dragon,85,70,80,97,80,123,False,535
716,xerneas,fairy,None,126,131,95,131,98,99,True,680
717,yveltal,dark,flying,126,131,95,131,98,99,True,680
718,zygarde-50,dragon,ground,108,100,121,81,95,95,True,600
719,diancie,rock,fairy,50,100,150,100,150,50,False,600
720,hoopa,psychic,ghost,80,110,60,150,130,70,False,600
721,volcanion,fire,water,80,110,120,130,90,70,False,600
722,rowlet,grass,flying,68,55,55,50,50,42,False,320
723,dartrix,grass,flying,78,75,75,70,70,52,False,420
724,decidueye,grass,ghost,78,107,75,100,100,70,False,530
725,litten,fire,None,45,65,40,60,40,70,False,320
726,torracat,fire,None,65,85,50,80,50,90,False,420
727,incineroar,fire,dark,95,115,90,80,90,60,False,530
728,popplio,water,None,50,54,54,66,56,40,False,320
729,brionne,water,None,60,69,69,91,81,50,False,420
730,primarina,water,fairy,80,74,74,126,116,60,False,530
731,pikipek,normal,flying,35,75,30,30,30,65,False,265
732,trumbeak,normal,flying,55,85,50,40,50,75,False,355
733,toucannon,normal,flying,80,120,75,75,75,60,False,485
734,yungoos,normal,None,48,70,30,30,30,45,False,253
735,gumshoos,normal,None,88,110,60,55,60,45,False,418
736,grubbin,bug,None,47,62,45,55,45,46,False,300
737,charjabug,bug,electric,57,82,95,55,75,36,False,400
738,vikavolt,bug,electric,77,70,90,145,75,43,False,500
739,crabrawler,fighting,None,47,82,57,42,47,63,False,338
740,crabominable,fighting,ice,97,132,77,62,67,43,False,478
741,oricorio-baile,fire,flying,75,70,70,98,70,93,False,476
742,cutiefly,bug,fairy,40,45,40,55,40,84,False,304
743,ribombee,bug,fairy,60,55,60,95,70,124,False,464
744,rockruff,rock,None,45,65,40,30,40,60,False,280
745,lycanroc-midday,rock,None,75,115,65,55,65,112,False,487
746,wishiwashi-solo,water,None,45,20,20,25,25,40,False,175
747,mareanie,poison,water,50,53,62,43,52,45,False,305
748,toxapex,poison,water,50,63,152,53,142,35,False,495
749,mudbray,ground,None,70,100,70,45,55,45,False,385
750,mudsdale,ground,None,100,125,100,55,85,35,False,500
751,dewpider,water,bug,38,40,52,40,72,27,False,269
752,araquanid,water,bug,68,70,92,50,132,42,False,454
753,fomantis,grass,None,40,55,35,50,35,35,False,250
754,lurantis,grass,None,70,105,90,80,90,45,False,480
755,morelull,grass,fairy,40,35,55,65,75,15,False,285
756,shiinotic,grass,fairy,60,45,80,90,100,30,False,405
757,salandit,poison,fire,48,44,40,71,40,77,False,320
758,salazzle,poison,fire,68,64,60,111,60,117,False,480
759,stufful,normal,fighting,70,75,50,45,50,50,False,340
760,bewear,normal,fighting,120,125,80,55,60,60,False,500
761,bounsweet,grass,None,42,30,38,30,38,32,False,210
762,steenee,grass,None,52,40,48,40,48,62,False,290
763,tsareena,grass,None,72,120,98,50,98,72,False,510
764,comfey,fairy,None,51,52,90,82,110,100,False,485
765,oranguru,normal,psychic,90,60,80,90,110,60,False,490
766,passimian,fighting,None,100,120,90,40,60,80,False,490
767,wimpod,bug,water,25,35,40,20,30,80,False,230
768,golisopod,bug,water,75,125,140,60,90,40,False,530
769,sandygast,ghost,ground,55,55,80,70,45,15,False,320
770,palossand,ghost,ground,85,75,110,100,75,35,False,480
771,pyukumuku,water,None,55,60,130,30,130,5,False,410
772,type-null,normal,None,95,95,95,95,95,59,True,534
773,silvally,normal,None,95,95,95,95,95,95,True,570
774,minior-red-meteor,rock,flying,60,60,100,60,100,60,False,440
775,komala,normal,None,65,115,65,75,95,65,False,480
776,turtonator,fire,dragon,60,78,135,91,85,36,False,485
777,togedemaru,electric,steel,65,98,63,40,73,96,False,435
778,mimikyu-disguised,ghost,fairy,55,90,80,50,105,96,False,476
779,bruxish,water,psychic,68,105,70,70,70,92,False,475
780,drampa,normal,dragon,78,60,85,135,91,36,False,485
781,dhelmise,ghost,grass,70,131,100,86,90,40,False,517
782,jangmo-o,dragon,None,45,55,65,45,45,45,False,300
783,hakamo-o,dragon,fighting,55,75,90,65,70,65,False,420
784,kommo-o,dragon,fighting,75,110,125,100,105,85,False,600
785,tapu-koko,electric,fairy,70,115,85,95,75,130,True,570
786,tapu-lele,psychic,fairy,70,85,75,130,115,95,True,570
787,tapu-bulu,grass,fairy,70,130,115,85,95,75,True,570
788,tapu-fini,water,fairy,70,75,115,95,130,85,True,570
789,cosmog,psychic,None,43,29,31,29,31,37,True,200
790,cosmoem,psychic,None,43,29,131,29,131,37,True,400
791,solgaleo,psychic,steel,137,137,107,113,89,97,True,680
792,lunala,psychic,ghost,137,113,89,137,107,97,True,680
793,nihilego,rock,poison,109,53,47,127,131,103,False,570
794,buzzwole,bug,fighting,107,139,139,53,53,79,False,570
795,pheromosa,bug,fighting,71,137,37,137,37,151,False,570
796,xurkitree,electric,None,83,89,71,173,71,83,False,570
797,celesteela,steel,flying,97,101,103,107,101,61,False,570
798,kartana,grass,steel,59,181,131,59,31,109,False,570
799,guzzlord,dark,dragon,223,101,53,97,53,43,False,570
800,necrozma,psychic,None,97,107,101,127,89,79,True,600
801,magearna,steel,fairy,80,95,115,130,115,65,False,600
802,marshadow,fighting,ghost,90,125,80,90,90,125,False,600
803,poipole,poison,None,67,73,67,73,67,73,False,420
804,naganadel,poison,dragon,73,73,73,127,73,121,False,540
805,stakataka,rock,steel,61,131,211,53,101,13,False,570
806,blacephalon,fire,ghost,53,127,53,151,79,107,False,570
807,zeraora,electric,None,88,112,75,102,80,143,False,600
808,meltan,steel,None,46,65,65,55,35,34,False,300
809,melmetal,steel,None,135,143,143,80,65,34,False,600
810,grookey,grass,None,50,65,50,40,40,65,False,310
811,thwackey,grass,None,70,85,70,55,60,80,False,420
812,rillaboom,grass,None,100,125,90,60,70,85,False,530
813,scorbunny,fire,None,50,71,40,40,40,69,False,310
814,raboot,fire,None,65,86,60,55,60,94,False,420
815,cinderace,fire,None,80,116,75,65,75,119,False,530
816,sobble,water,None,50,40,40,70,40,70,False,310
817,drizzile,water,None,65,60,55,95,55,90,False,420
818,inteleon,water,None,70,85,65,125,65,120,False,530
819,skwovet,normal,None,70,55,55,35,35,25,False,275
820,greedent,normal,None,120,95,95,55,75,20,False,460
821,rookidee,flying,None,38,47,35,33,35,57,False,245
822,corvisquire,flying,None,68,67,55,43,55,77,False,365
823,corviknight,flying,steel,98,87,105,53,85,67,False,495
824,blipbug,bug,None,25,20,20,25,45,45,False,180
825,dottler,bug,psychic,50,35,80,50,90,30,False,335
826,orbeetle,bug,psychic,60,45,110,80,120,90,False,505
827,nickit,dark,None,40,28,28,47,52,50,False,245
828,thievul,dark,None,70,58,58,87,92,90,False,455
829,gossifleur,grass,None,40,40,60,40,60,10,False,250
830,eldegoss,grass,None,60,50,90,80,120,60,False,460
831,wooloo,normal,None,42,40,55,40,45,48,False,270
832,dubwool,normal,None,72,80,100,60,90,88,False,490
833,chewtle,water,None,50,64,50,38,38,44,False,284
834,drednaw,water,rock,90,115,90,48,68,74,False,485
835,yamper,electric,None,59,45,50,40,50,26,False,270
836,boltund,electric,None,69,90,60,90,60,121,False,490
837,rolycoly,rock,None,30,40,50,40,50,30,False,240
838,carkol,rock,fire,80,60,90,60,70,50,False,410
839,coalossal,rock,fire,110,80,120,80,90,30,False,510
840,applin,grass,dragon,40,40,80,40,40,20,False,260
841,flapple,grass,dragon,70,110,80,95,60,70,False,485
842,appletun,grass,dragon,110,85,80,100,80,30,False,485
843,silicobra,ground,None,52,57,75,35,50,46,False,315
844,sandaconda,ground,None,72,107,125,65,70,71,False,510
845,cramorant,flying,water,70,85,55,85,95,85,False,475
846,arrokuda,water,None,41,63,40,40,30,66,False,280
847,barraskewda,water,None,61,123,60,60,50,136,False,490
848,toxel,electric,poison,40,38,35,54,35,40,False,242
849,toxtricity-amped,electric,poison,75,98,70,114,70,75,False,502
850,sizzlipede,fire,bug,50,65,45,50,50,45,False,305
851,centiskorch,fire,bug,100,115,65,90,90,65,False,525
852,clobbopus,fighting,None,50,68,60,50,50,32,False,310
853,grapploct,fighting,None,80,118,90,70,80,42,False,480
854,sinistea,ghost,None,40,45,45,74,54,50,False,308
855,polteageist,ghost,None,60,65,65,134,114,70,False,508
856,hatenna,psychic,None,42,30,45,56,53,39,False,265
857,hattrem,psychic,None,57,40,65,86,73,49,False,370
858,hatterene,psychic,fairy,57,90,95,136,103,29,False,510
859,impidimp,dark,fairy,45,45,30,55,40,50,False,265
860,morgrem,dark,fairy,65,60,45,75,55,70,False,370
861,grimmsnarl,dark,fairy,95,120,65,95,75,60,False,510
862,obstagoon,dark,normal,93,90,101,60,81,95,False,520
863,perrserker,steel,None,70,110,100,50,60,50,False,440
864,cursola,ghost,None,60,95,50,145,130,30,False,510
865,sirfetchd,fighting,None,62,135,95,68,82,65,False,507
866,mr-rime,ice,psychic,80,85,75,110,100,70,False,520
867,runerigus,ground,ghost,58,95,145,50,105,30,False,483
868,milcery,fairy,None,45,40,40,50,61,34,False,270
869,alcremie,fairy,None,65,60,75,110,121,64,False,495
870,falinks,fighting,None,65,100,100,70,60,75,False,470
871,pincurchin,electric,None,48,101,95,91,85,15,False,435
872,snom,ice,bug,30,25,35,45,30,20,False,185
873,frosmoth,ice,bug,70,65,60,125,90,65,False,475
874,stonjourner,rock,None,100,125,135,20,20,70,False,470
875,eiscue-ice,ice,None,75,80,110,65,90,50,False,470
876,indeedee-male,psychic,normal,60,65,55,105,95,95,False,475
877,morpeko-full-belly,electric,dark,58,95,58,70,58,97,False,436
878,cufant,steel,None,72,80,49,40,49,40,False,330
879,copperajah,steel,None,122,130,69,80,69,30,False,500
880,dracozolt,electric,dragon,90,100,90,80,70,75,False,505
881,arctozolt,electric,ice,90,100,90,90,80,55,False,505
882,dracovish,water,dragon,90,90,100,70,80,75,False,505
883,arctovish,water,ice,90,90,100,80,90,55,False,505
884,duraludon,steel,dragon,70,95,115,120,50,85,False,535
885,dreepy,dragon,ghost,28,60,30,40,30,82,False,270
886,drakloak,dragon,ghost,68,80,50,60,50,102,False,410
887,dragapult,dragon,ghost,88,120,75,100,75,142,False,600
888,zacian,fairy,None,92,120,115,80,115,138,True,660
889,zamazenta,fighting,None,92,120,115,80,115,138,True,660
890,eternatus,poison,dragon,140,85,95,145,95,130,True,690
891,kubfu,fighting,None,60,90,60,53,50,72,True,385
892,urshifu-single-strike,fighting,dark,100,130,100,63,60,97,True,550
893,zarude,dark,grass,105,120,105,70,95,105,False,600
894,regieleki,electric,None,80,100,50,100,50,200,True,580
895,regidrago,dragon,None,200,100,50,100,50,80,True,580
896,glastrier,ice,None,100,145,130,65,110,30,True,580
897,spectrier,ghost,None,100,65,60,145,80,130,True,580
898,calyrex,psychic,grass,100,80,80,80,80,80,True,500
899,wyrdeer,normal,psychic,103,105,72,105,75,65,False,525
900,kleavor,bug,rock,70,135,95,45,70,85,False,500
901,ursaluna,ground,normal,130,140,105,45,80,50,False,550
902,basculegion-male,water,ghost,120,112,65,80,75,78,False,530
903,sneasler,fighting,poison,80,130,60,40,80,120,False,510
904,overqwil,dark,poison,85,115,95,65,65,85,False,510
905,enamorus-incarnate,fairy,flying,74,115,70,135,80,106,True,580
906,sprigatito,grass,None,40,61,54,45,45,65,False,310
907,floragato,grass,None,61,80,63,60,63,83,False,410
908,meowscarada,grass,dark,76,110,70,81,70,123,False,530
909,fuecoco,fire,None,67,45,59,63,40,36,False,310
910,crocalor,fire,None,81,55,78,90,58,49,False,411
911,skeledirge,fire,ghost,104,75,100,110,75,66,False,530
912,quaxly,water,None,55,65,45,50,45,50,False,310
913,quaxwell,water,None,70,85,65,65,60,65,False,410
914,quaquaval,water,fighting,85,120,80,85,75,85,False,530
915,lechonk,normal,None,54,45,40,35,45,35,False,254
916,oinkologne-male,normal,None,110,100,75,59,80,65,False,489
917,tarountula,bug,None,35,41,45,29,40,20,False,210
918,spidops,bug,None,60,79,92,52,86,35,False,404
919,nymble,bug,None,33,46,40,21,25,45,False,210
920,lokix,bug,dark,71,102,78,52,55,92,False,450
921,pawmi,electric,None,45,50,20,40,25,60,False,240
922,pawmo,electric,fighting,60,75,40,50,40,85,False,350
923,pawmot,electric,fighting,70,115,70,70,60,105,False,490
924,tandemaus,normal,None,50,50,45,40,45,75,False,305
925,maushold-family-of-four,normal,None,74,75,70,65,75,111,False,470
926,fidough,fairy,None,37,55,70,30,55,65,False,312
927,dachsbun,fairy,None,57,80,115,50,80,95,False,477
928,smoliv,grass,normal,41,35,45,58,51,30,False,260
929,dolliv,grass,normal,52,53,60,78,78,33,False,354
930,arboliva,grass,normal,78,69,90,125,109,39,False,510
931,squawkabilly-green-plumage,normal,flying,82,96,51,45,51,92,False,417
932,nacli,rock,None,55,55,75,35,35,25,False,280
933,naclstack,rock,None,60,60,100,35,65,35,False,355
934,garganacl,rock,None,100,100,130,45,90,35,False,500
935,charcadet,fire,None,40,50,40,50,40,35,False,255
936,armarouge,fire,psychic,85,60,100,125,80,75,False,525
937,ceruledge,fire,ghost,75,125,80,60,100,85,False,525
938,tadbulb,electric,None,61,31,41,59,35,45,False,272
939,bellibolt,electric,None,109,64,91,103,83,45,False,495
940,wattrel,electric,flying,40,40,35,55,40,70,False,280
941,kilowattrel,electric,flying,70,70,60,105,60,125,False,490
942,maschiff,dark,None,60,78,60,40,51,51,False,340
943,mabosstiff,dark,None,80,120,90,60,70,85,False,505
944,shroodle,poison,normal,40,65,35,40,35,75,False,290
945,grafaiai,poison,normal,63,95,65,80,72,110,False,485
946,bramblin,grass,ghost,40,65,30,45,35,60,False,275
947,brambleghast,grass,ghost,55,115,70,80,70,90,False,480
948,toedscool,ground,grass,40,40,35,50,100,70,False,335
949,toedscruel,ground,grass,80,70,65,80,120,100,False,515
950,klawf,rock,None,70,100,115,35,55,75,False,450
951,capsakid,grass,None,50,62,40,62,40,50,False,304
952,scovillain,grass,fire,65,108,65,108,65,75,False,486
953,rellor,bug,None,41,50,60,31,58,30,False,270
954,rabsca,bug,psychic,75,50,85,115,100,45,False,470
955,flittle,psychic,None,30,35,30,55,30,75,False,255
956,espathra,psychic,None,95,60,60,101,60,105,False,481
957,tinkatink,fairy,steel,50,45,45,35,64,58,False,297
958,tinkatuff,fairy,steel,65,55,55,45,82,78,False,380
959,tinkaton,fairy,steel,85,75,77,70,105,94,False,506
960,wiglett,water,None,10,55,25,35,25,95,False,245
961,wugtrio,water,None,35,100,50,50,70,120,False,425
962,bombirdier,flying,dark,70,103,85,60,85,82,False,485
963,finizen,water,None,70,45,40,45,40,75,False,315
964,palafin-zero,water,None,100,70,72,53,62,100,False,457
965,varoom,steel,poison,45,70,63,30,45,47,False,300
966,revavroom,steel,poison,80,119,90,54,67,90,False,500
967,cyclizar,dragon,normal,70,95,65,85,65,121,False,501
968,orthworm,steel,None,70,85,145,60,55,65,False,480
969,glimmet,rock,poison,48,35,42,105,60,60,False,350
970,glimmora,rock,poison,83,55,90,130,81,86,False,525
971,greavard,ghost,None,50,61,60,30,55,34,False,290
972,houndstone,ghost,None,72,101,100,50,97,68,False,488
973,flamigo,flying,fighting,82,115,74,75,64,90,False,500
974,cetoddle,ice,None,108,68,45,30,40,43,False,334
975,cetitan,ice,None,170,113,65,45,55,73,False,521
976,veluza,water,psychic,90,102,73,78,65,70,False,478
977,dondozo,water,None,150,100,115,65,65,35,False,530
978,tatsugiri-curly,dragon,water,68,50,60,120,95,82,False,475
979,annihilape,fighting,ghost,110,115,80,50,90,90,False,535
980,clodsire,poison,ground,130,75,60,45,100,20,False,430
981,farigiraf,normal,psychic,120,90,70,110,70,60,False,520
982,dudunsparce-two-segment,normal,None,125,100,80,85,75,55,False,520
983,kingambit,dark,steel,100,135,120,60,85,50,False,550
984,great-tusk,ground,fighting,115,131,131,53,53,87,False,570
985,scream-tail,fairy,psychic,115,65,99,65,115,111,False,570
986,brute-bonnet,grass,dark,111,127,99,79,99,55,False,570
987,flutter-mane,ghost,fairy,55,55,55,135,135,135,False,570
988,slither-wing,bug,fighting,85,135,79,85,105,81,False,570
989,sandy-shocks,electric,ground,85,81,97,121,85,101,False,570
990,iron-treads,ground,steel,90,112,120,72,70,106,False,570
991,iron-bundle,ice,water,56,80,114,124,60,136,False,570
992,iron-hands,fighting,electric,154,140,108,50,68,50,False,570
993,iron-jugulis,dark,flying,94,80,86,122,80,108,False,570
994,iron-moth,fire,poison,80,70,60,140,110,110,False,570
995,iron-thorns,rock,electric,100,134,110,70,84,72,False,570
996,frigibax,dragon,ice,65,75,45,35,45,55,False,320
997,arctibax,dragon,ice,90,95,66,45,65,62,False,423
998,baxcalibur,dragon,ice,115,145,92,75,86,87,False,600
999,gimmighoul,ghost,None,45,30,70,75,70,10,False,300
1000,gholdengo,steel,ghost,87,60,95,133,91,84,False,550
1001,wo-chien,dark,grass,85,85,100,95,135,70,True,570
1002,chien-pao,dark,ice,80,120,80,90,65,135,True,570
1003,ting-lu,dark,ground,155,110,125,55,80,45,True,570
1004,chi-yu,dark,fire,55,80,80,135,120,100,True,570
1005,roaring-moon,dragon,dark,105,139,71,55,101,119,False,590
1006,iron-valiant,fairy,fighting,74,130,90,120,60,116,False,590
1007,koraidon,fighting,dragon,100,135,115,85,100,135,True,670
1008,miraidon,electric,dragon,100,85,100,135,115,135,True,670
1009,walking-wake,water,dragon,99,83,91,125,83,109,False,590
1010,iron-leaves,grass,psychic,90,130,88,70,108,104,False,590
1011,dipplin,grass,dragon,80,80,110,95,80,40,False,485
1012,poltchageist,grass,ghost,40,45,45,74,54,50,False,308
1013,sinistcha,grass,ghost,71,60,106,121,80,70,False,508
1014,okidogi,poison,fighting,88,128,115,58,86,80,True,555
1015,munkidori,poison,psychic,88,75,66,130,90,106,True,555
1016,fezandipiti,poison,fairy,88,91,82,70,125,99,True,555
1017,ogerpon,grass,None,80,120,84,60,96,110,True,550
1018,archaludon,steel,dragon,90,105,130,125,65,85,False,600
1019,hydrapple,grass,dragon,106,80,110,120,80,44,False,540
1020,gouging-fire,fire,dragon,105,115,121,65,93,91,False,590
1021,raging-bolt,electric,dragon,125,73,91,137,89,75,False,590
1022,iron-boulder,rock,psychic,90,120,80,68,108,124,False,590
1023,iron-crown,steel,psychic,90,72,100,122,108,98,False,590
1024,terapagos,normal,None,90,65,85,65,85,60,True,450
1025,pecharunt,poison,ghost,88,88,160,88,88,88,False,600
